file,true_name,true_email,true_phone,true_experience_years,true_education,true_skills
accountant_15906625.pdf,,,,,,
advocate_14445309.pdf,,,,,,
agriculture_54246169.pdf,,,,,,
apparel_24533931.pdf,,,,,,
arts_31273413.pdf,,,,,,
automobile_11797122.pdf,,,,,,
aviation_69458502.pdf,,,,,,
banking_74552449.pdf,,,,,,
bpo_79261033.pdf,,,,,,
business_development_65708020.pdf,,,,,,
chef_15180322.pdf,,,,,,
construction_99433371.pdf,,,,,,
consultant_27096471.pdf,,,,,,
designer_37058472.pdf,,,,,,
digital_media_13837784.pdf,,,,,,
engineering_14206561.pdf,,,,,,
finance_11877150.pdf,,,,,,
fitness_17576030.pdf,,,,,,
healthcare_23617240.pdf,,,,,,
hr_16852973.pdf,,,,,,
information_technology_36856210.pdf,,,,,,
public_relations_31392754.pdf,,,,,,
sales_87118391.pdf,,,,,,
teacher_12467531.pdf,,,,,,
